Keyword,Base Frequency,Exact Frequency,Intent,Cluster
впн,7800874,315527,C,General
скачать впн,2136854,266280,T,CTA / Download
впн скачать бесплатно,921662,207781,T,CTA / Download
vpn,4745101,202764,C,General
впн на пк,805630,184238,C,General
дед впн,226695,130507,C,General
radmin vpn,163134,105870,C,General
vpn для компьютера,155963,98769,C,General
скачать vpn,1139834,86396,T,CTA / Download
радмин впн,197237,85645,C,General
бесплатный впн на пк,255196,69145,C,General
скачать впн на пк бесплатно,122043,68696,T,CTA / Download
amnezia vpn,131097,63110,C,General
бесплатный впн,1755282,63008,C,General
vpn скачать бесплатно,358863,59264,T,CTA / Download
впн расширение,197227,56163,C,General
впн для ютуба,220758,52952,C,Use Cases
скачать впн на андроид бесплатно,244747,46162,T,CTA / Download
дядя ваня впн,101177,43596,C,General
впн для роблокса,222694,42797,C,General
расширение для браузера впн,73469,40641,C,General
happ vpn,122708,35820,C,General
vpn расширение,98010,35147,C,General
амнезия впн,80682,34536,C,General
скачать впн на пк,307635,34061,T,CTA / Download
скачать радмин впн,59883,29180,T,CTA / Download
happ vpn скачать,45478,28765,T,CTA / Download
дед впн скачать,51145,25273,T,CTA / Download
радмир впн,38300,24874,C,General
turbo vpn,40756,24856,C,General
скачать радмин впн на пк,25383,23740,T,CTA / Download
впн для браузера,128016,21791,C,General
paper vpn,35838,20425,C,General
впн тг,131913,19395,C,General
radmin vpn скачать,26320,18951,T,CTA / Download
hit vpn,58798,18354,C,General
впн огонь,67771,18053,C,General
бесплатный vpn,600522,17307,C,General
огонь впн скачать,37245,16176,T,CTA / Download
дед впн на пк,25863,16053,C,General
outline vpn,41345,15520,C,General
впн для роблокса на пк,49385,14559,C,General
впн онлайн,48000,14247,C,General
vpn для андроид,110862,14138,C,General
впн бесплатно,1703187,13921,C,General
bebra vpn,23476,13534,C,General
почему не работает впн,98581,13426,I,FAQ / How-to
планет впн,58965,13399,C,General
скачать впн на андроид,303267,13347,T,CTA / Download
fkey vpn,26550,12537,C,General
amnezia vpn скачать,19513,12399,T,CTA / Download
хит впн,58643,12324,C,General
впн не работает,253929,12212,C,General
vpn для компьютера бесплатно,33772,11480,C,General
super vpn,59345,11024,C,General
скачать vpn на пк,133356,10937,T,CTA / Download
free vpn,78291,10903,C,General
vpn для яндекс браузера,27816,10886,C,General
протон впн,27929,10826,C,General
скачать впн для роблокса,49070,10710,T,CTA / Download
впн для компьютера,50747,10683,C,General
впн для телеграмма,34391,10671,C,General
vpn для пк,85102,10666,C,General
amnesia vpn,20027,10563,C,General
бесплатный впн для андроид,234779,10347,C,General
впн для ютуба бесплатно,87876,9760,C,Use Cases
скачать впн для ютуба,61620,9646,T,CTA / Download
впн для яндекс браузера,32634,9311,C,General
vpn now,34967,9291,C,General
рабочий впн,85683,8624,C,General
турбо впн,32171,8594,C,General
аво впн,39661,8360,C,General
durev vpn,13349,8359,C,General
лучший впн,365381,8242,C,Hero / Comparison
платный впн,67585,7978,C,General
urban vpn,13787,7834,C,General
happ vpn скачать на пк,8472,7732,T,CTA / Download
дед vpn,15117,7695,C,General
vpn для windows 10,16212,7510,C,General
vpn для роблокса,27308,7261,C,General
outline vpn скачать,10039,7173,T,CTA / Download
vpn для ютуба,30550,7061,C,Use Cases
супер впн,39184,6994,C,General
дядя ваня vpn,14806,6770,C,General
ютуб без впн,88000,6376,C,General
ваня впн,115423,6374,C,General
now vpn скачать,18323,6373,T,CTA / Download
впн для бравл старс,31596,6281,C,General
скачать super vpn,27054,6210,T,CTA / Download
vpn для андроид бесплатно,58847,6198,C,General
скачать планет впн,27331,6124,T,CTA / Download
впн не работает сегодня,28646,5992,C,General
avo vpn,28207,5761,C,General
скачать впн на компьютер бесплатно,30270,5734,T,CTA / Download
впн для андроид,317978,5623,C,General
впн что это,21050,5520,C,General
tip top vpn,17778,5454,C,General
хапп впн,28809,5382,C,General
впн на айфон,193643,5225,C,General
vpn огонь,18044,5132,C,General
впн для ютуба на андроид бесплатно,29846,5121,C,Use Cases
vless vpn,23603,5044,C,Features / Tech
бесплатный впн на айфон,54228,4854,C,General
скачать vpn на андроид,168038,4837,T,CTA / Download
vpn для браузера,43750,4807,C,General
vpn proxy master,17842,4632,C,General
hitray vpn,19701,4624,C,General
vpn proxy,55441,4610,C,General
vpn скачать на пк бесплатно,19432,4572,T,CTA / Download
fkey vpn скачать,10439,4539,T,CTA / Download
скачать radmin vpn на пк,4856,4515,T,CTA / Download
самый лучший впн,56646,4448,C,Hero / Comparison
купить впн,27930,4385,T,Pricing
wireguard vpn,18890,4378,C,General
запрет впн,21464,4305,C,General
лучший бесплатный впн,123834,4279,C,Hero / Comparison
лучший впн для роблокса,43341,4276,C,Hero / Comparison
x vpn,11452,4242,C,General
впн тг бесплатно,37402,4121,C,General
happ впн,61789,4093,C,General
telegram vpn,16233,4072,C,General
vpn proxy master скачать,9420,4015,T,CTA / Download
впн на ноутбук,52492,3986,C,General
jump jump vpn скачать,9587,3899,T,CTA / Download
впн fkey,25929,3876,C,General
turbo vpn скачать,8732,3697,T,CTA / Download
hitray vpn скачать на пк,3773,3659,T,CTA / Download
топ впн,76000,3641,C,Hero / Comparison
огонь vpn скачать,8486,3618,T,CTA / Download
впн прокси,48363,3597,C,General
tiptop vpn скачать,7402,3571,T,CTA / Download
впн для роблокса бесплатно,59841,3543,C,General
now vpn скачать бесплатно,7378,3355,T,CTA / Download
скачать speedtop vpn,6112,3334,T,CTA / Download
fast vpn,28772,3333,C,General
запрет впн скачать,6771,3285,T,CTA / Download
впн для тик тока,25865,3115,C,General
tip tip vpn скачать,7705,3104,T,CTA / Download
zoog vpn скачать,5595,3072,T,CTA / Download
лучший впн для андроид,47552,3048,C,Hero / Comparison
скачать vpn free,17622,3040,T,CTA / Download
скачать tip top vpn,7612,3025,T,CTA / Download
установить впн,91551,2940,T,CTA / Download
tiptop vpn,13437,2908,C,General
vpn для пк бесплатно,32012,2890,C,General
впн для игр,27169,2876,C,Use Cases
vpn для андроид бесплатно на русском,21910,2858,C,General
скачать bebra vpn,4504,2803,T,CTA / Download
vpn купить,20041,2789,T,Pricing
купить vpn,20041,2789,T,Pricing
star vpn,15040,2769,C,General
fkey vpn скачать на пк,3728,2713,T,CTA / Download
hitray vpn скачать,9786,2693,T,CTA / Download
бесплатный рабочий впн,28771,2689,C,General
впн это,37107,2680,C,General
включить впн,94763,2680,C,General
блокировка впн,39643,2672,C,Hero / Unblock
впн для ютуба на андроид,36576,2638,C,Use Cases
hit vpn скачать,6824,2538,T,CTA / Download
впн онлайн бесплатно,16130,2536,C,General
впн v2raytun,45172,2488,C,Features / Tech
впн для виндовс,24643,2487,C,General
vpn byebyedpi скачать,5352,2446,T,CTA / Download
zoog vpn,13132,2438,C,General
впн расширение яндекс,27275,2428,C,General
не работает vpn,63560,2397,C,General
vpn chrome,14037,2369,C,General
лучший бесплатный впн для андроид,25788,2341,C,Hero / Comparison
roblox vpn,17056,2233,C,General
скачать дед vpn,4457,2227,T,CTA / Download
скачать vpn для компьютера,10149,2199,T,CTA / Download
paper vpn скачать,4194,2170,T,CTA / Download
speed top vpn скачать,3931,2112,T,CTA / Download
платный vpn,20445,2103,C,General
vpn для айфона,16492,2099,C,General
хороший впн на айфон,23832,2039,C,General
скачать впн на компьютер,36407,2033,T,CTA / Download
перестал работать впн,28452,2005,C,General
ключ для впн,56640,1962,C,General
vpn apk,41656,1935,C,General
впн для интернета,24732,1912,C,General
как подключить впн,43859,1875,T,FAQ / How-to
fast vpn скачать,13023,1870,T,CTA / Download
скачать хороший впн,27823,1861,T,CTA / Download
впн скачать на айфон,30475,1838,T,CTA / Download
какой впн лучше,66335,1800,C,Hero / Comparison
star vpn скачать,6309,1799,T,CTA / Download
vpn для компьютера скачать бесплатно,6533,1796,T,CTA / Download
vpn через vpn,39402,1788,C,General
pipster vpn скачать,3011,1780,T,CTA / Download
огонь vpn скачать бесплатно,2631,1733,T,CTA / Download
vpn для windows,39476,1713,C,General
бесплатный впн для андроид без впн,42666,1713,C,General
впн на телефон,139495,1702,C,General
скачать nord vpn,3033,1702,T,CTA / Download
установить vpn,54475,1656,T,CTA / Download
рабочий vpn,18461,1639,C,General
airplane vpn скачать,3802,1632,T,CTA / Download
впн для компьютера бесплатно,28341,1614,C,General
lagom vpn скачать,4252,1605,T,CTA / Download
vpn android,29159,1598,C,General
лучший vpn,75793,1590,C,Hero / Comparison
vpn github,13464,1571,C,General
скачать впн v2,2762,1560,T,CTA / Download
скачать бесплатный впн для ютуба,42462,1554,T,CTA / Download
скачать vpn для роблокса,6426,1544,T,CTA / Download
vpn apk скачать,20000,1537,T,CTA / Download
как работает впн,32678,1533,I,FAQ / How-to
какой впн скачать на пк,4935,1518,T,CTA / Download
сколько стоит один биткоин,3963,1518,I,General
обход впн,57581,1502,C,Hero / Unblock
яндекс акции цена,4126,1467,C,Pricing
vpn cat скачать,4943,1464,T,CTA / Download
vpn tv,14082,1453,C,General
фезам цена,11414,1452,C,Pricing
скачать бесплатный vpn на андроид,126529,1445,T,CTA / Download
ciphra vpn скачать,2949,1416,T,CTA / Download
скачать avo vpn,5020,1404,T,CTA / Download
впн 2026,102755,1385,C,General
fast free vpn скачать,4493,1379,T,CTA / Download
скачать бесплатно super vpn,6119,1378,T,CTA / Download
eva vpn скачать,2717,1378,T,CTA / Download
какой впн работает в россии,32671,1368,C,Hero / Comparison
express vpn скачать,3541,1365,T,CTA / Download
скачать впн в2,2170,1356,T,CTA / Download
vpn расширение для браузера,16127,1353,C,General
скачать x vpn,3589,1331,T,CTA / Download
лучший платный впн,14174,1329,C,Hero / Comparison
скачать vpn bear,2544,1326,T,CTA / Download
скачать happy vpn,3186,1316,T,CTA / Download
как подключить vpn,18864,1314,T,FAQ / How-to
сколько стоят номера,151082,1308,I,General
скачать cybear vpn,2738,1286,T,CTA / Download
jump jump vpn скачать бесплатно,3249,1253,T,CTA / Download
tip tip vpn скачать бесплатно,2887,1250,T,CTA / Download
tip top vpn скачать бесплатно,2867,1249,T,CTA / Download
впн сервера,75418,1236,C,General
happ vpn скачать на андроид,2722,1226,T,CTA / Download
впн для яндекса,41971,1211,C,General
какой впн скачать,37912,1209,T,CTA / Download
какой впн работает,84419,1198,C,Hero / Comparison
что с впн,39525,1196,C,General
v2 vpn скачать,2618,1196,T,CTA / Download
octohide vpn скачать,2868,1195,T,CTA / Download
vpn 2026,43483,1182,C,General
впн россия,177737,1176,C,Hero / Geo
vpn free скачать бесплатно,5914,1136,T,CTA / Download
vpn для ютуба скачать,9631,1110,T,CTA / Download
1s vpn,3806,1100,C,General
red vpn,11393,1098,C,General
скачать впн на телефон,40772,1094,T,CTA / Download
гусь vpn скачать,2662,1079,T,CTA / Download
впн не подключается,28255,1066,C,General
лучший бесплатный vpn,24343,1036,C,Hero / Comparison
gru vpn,1901,1017,C,General
vpn proxy скачать,19203,999,T,CTA / Download
скачать впн апк,6661,994,T,CTA / Download
vpn buck скачать,6395,982,T,CTA / Download
cool vpn pro скачать,2660,978,T,CTA / Download
vpn для youtube,9264,978,C,Use Cases
vpn master,22329,976,C,General
скачать бесплатный впн на телефон,32514,968,T,CTA / Download
vpn proxy master скачать бесплатно,2861,954,T,CTA / Download
nash vpn скачать,2849,954,T,CTA / Download
byebyedpi vpn,13511,953,C,General
скачать супер vpn,3445,949,T,CTA / Download
vpn расширение яндекс,15056,944,C,General
скачать приложение vpn,9174,929,T,CTA / Download
vpn premium,16058,921,C,General
скачать vpn на телефон бесплатно,10839,906,T,CTA / Download
пробный впн,24206,898,C,General
впн для бравла,36336,887,C,General
роблокс без впн,31579,881,C,General
f3 vpn скачать,3695,866,T,CTA / Download
urban vpn скачать,3177,831,T,CTA / Download
скачать vpn на андроид бесплатно для ютуба,4740,819,T,CTA / Download
сколько сейчас стоит биткоин в рублях,1454,806,I,General
fast vpn скачать бесплатно,3999,785,T,CTA / Download
дядя впн,104216,783,C,General
vpn mod,12347,769,C,General
бесплатные ключи впн,32982,757,C,General
скачать vpn super vpn buck,3468,750,T,CTA / Download
vpn для ютуба бесплатно скачать,7206,727,T,CTA / Download
впн блокируют в россии,2037,722,C,General
блокировка vpn,13856,710,C,Hero / Unblock
скачать расширение vpn,4174,705,T,CTA / Download
vpn сервера,55439,704,C,General
vpn установить бесплатно,12972,699,T,CTA / Download
русский впн,208778,696,C,General
впн заблокировали,16327,694,C,General
как пользоваться впн,11062,651,I,FAQ / How-to
как включить vpn,15401,650,I,FAQ / How-to
ваня vpn,16004,646,C,General
скачать приложение впн бесплатно,4295,638,T,CTA / Download
hiddify vpn скачать,3836,635,T,CTA / Download
скачать vpn premium,7036,633,T,CTA / Download
какой впн лучше скачать,6692,625,T,CTA / Download
vpn l2tp,13183,609,C,General
vpn приложение,33416,599,C,CTA / Download
xvpn,952,597,C,General
super vpn fly скачать,2744,587,T,CTA / Download
впн скачать бесплатно без регистрации,76333,582,T,CTA / Download
какой vpn лучше,17485,579,C,Hero / Comparison
vpn скачать бесплатно на русском,88699,576,T,CTA / Download
vpn download,7891,574,T,CTA / Download
vpn master скачать,11386,570,T,CTA / Download
сайт впн,30885,562,C,General
скачать vpn на телефон,13909,549,T,CTA / Download
как настроить впн,37598,543,I,FAQ / How-to
1vpn,982,538,C,General
впн бот,23906,529,C,General
top vpn,29948,497,C,General
покупка аккаунтов,26030,497,I,General
какие впн сейчас работают,31811,490,C,General
vpn скачать рабочий,2861,488,T,CTA / Download
скачать впн россия,10936,486,T,CTA / Download
vpn unlimited скачать,3701,485,T,CTA / Download
работающий бесплатный впн,41623,475,C,General
vpn ключи,53156,465,C,General
скачать vpn 2026,7876,465,T,CTA / Download
бесплатный впн 2026,32043,458,C,General
скачать бесплатно приложение vpn,3078,447,T,CTA / Download
wireguard vpn купить,943,434,T,Pricing
vpn lkz gr,902,431,C,General
недорогой впн,4250,431,C,General
скачать vpn на айфон,13273,423,T,CTA / Download
бесплатный впн на телефон,49349,398,C,General
vpn ly,719,394,C,General
скачать хороший vpn,7247,392,T,CTA / Download
как настроить vpn,29084,384,I,FAQ / How-to
hide vpn,15732,384,C,General
х впн,1341,382,C,General
vpn россия,62038,376,C,Hero / Geo
vpn pro,16144,375,C,General
super vpn скачать на андроид,3952,371,T,CTA / Download
vpn для яндекса,31435,365,C,General
купить подписку vpn,1825,345,T,Pricing
какой vpn работает,18632,343,C,Hero / Comparison
vpn shield,13568,343,C,General
vpn android скачать,5320,339,T,CTA / Download
vpn для обхода блокировки мобильного интернета,507,331,C,Hero / Unblock
скачать open vpn,2848,330,T,CTA / Download
радмин впн на пк,27209,322,C,General
список впн,37561,321,C,General
get vpn,1534,321,C,General
vpn 1,15276,309,C,General
впн ли,141695,305,C,General
скачать vpn для windows,10465,305,T,CTA / Download
скачать впн бесплатно на русском,181113,304,T,CTA / Download
3yr vpn,742,300,C,General
ркн блокирует впн,820,299,C,General
vpn client,15032,295,C,General
vpn open,13841,293,C,General
fly vpn скачать,3367,292,T,CTA / Download
скачать vpn now на андроид,2797,289,T,CTA / Download
vpn сервер купить,1483,289,T,Pricing
mod vpn скачать,3240,285,T,CTA / Download
впн для бравл,36336,278,C,General
jump vpn,19331,277,C,General
vpn master скачать бесплатно,3583,277,T,CTA / Download
какой vpn скачать,8129,276,T,CTA / Download
vpn для пк купить,410,275,T,Pricing
скачать русский впн,183168,272,T,CTA / Download
dpi vpn скачать,4622,270,T,CTA / Download
skachat vpn,1006,267,C,General
бесплатный впн без регистрации,87323,261,C,General
скачать vpn на андроид на русском,62682,248,T,CTA / Download
скачать cool vpn,3217,248,T,CTA / Download
скачать vpn для браузера,2789,248,T,CTA / Download
впн для андроид бесплатно на русском,88398,246,C,General
приложения впн,49563,245,C,General
vps сервер купить для vpn,330,243,T,Pricing
vpn скачать бесплатно без регистрации,35825,240,T,CTA / Download
какой впн,263116,239,C,Hero / Comparison
zgc vpn,283,239,C,General
впн без регистрации,90116,238,C,General
скачать vpn для youtube,1137,238,T,CTA / Download
впн подписка,28347,237,T,Pricing
vpn ключи бесплатно,14179,234,C,General
самый лучший платный впн,1241,233,C,Hero / Comparison
сколько стоит домен,2513,231,I,General
юбуст vpn для youtube,1028,231,C,Use Cases
ozon акции цена,451,229,C,Pricing
vpn отзывы,42292,226,C,General
vipshop акции цена,269,223,C,Pricing
скачать super vpn 2026,3117,222,T,CTA / Download
мтс блокирует впн,454,222,C,General
vpn для компьютера купить,270,221,T,Pricing
скачать хороший бесплатный vpn,3774,220,T,CTA / Download
анти заглушка впн,532,220,C,General
белый впн,33830,218,C,General
какой платный впн выбрать для россии,207,217,C,Hero / Comparison
впн отзывы,26120,216,C,General
скачать впн без регистрации,77184,209,T,CTA / Download
vpn скачать бесплатно на русском без регистрации,33686,205,T,CTA / Download
ркн заблокировал впн,853,204,C,General
скачать бесплатный vpn на айфон,6675,200,T,CTA / Download
ростелеком блокирует впн,370,194,C,General
сколько стоит впн,4902,193,C,General
какой бесплатный впн работает,27700,192,C,Hero / Comparison
купить ключ outline vpn,251,181,T,Pricing
скачать vpn pro,6666,176,T,CTA / Download
скачать впн бесплатно на русском языке,91448,172,T,CTA / Download
сколько стоит сервер,9473,171,I,General
антизапрет впн,388,171,C,General
amnezia vpn купить,489,170,T,Pricing
vpn для windows 10 скачать,3255,169,T,CTA / Download
скачать top vpn,13628,168,T,CTA / Download
vpn скачать бесплатно для windows,5752,167,T,CTA / Download
vpn подписка,16586,166,T,Pricing
скачать впн на андроид бесплатно без регистрации,51077,165,T,CTA / Download
настройка vpn,40485,162,C,General
vless vpn купить,319,159,T,Pricing
vpn shield скачать,2614,158,T,CTA / Download
впн заблокировали в россии 2026,437,152,C,General
vpn без регистрации,40549,151,C,General
что с vpn,7320,150,C,General
скачать vpn для ютуба на андроид,4991,150,T,CTA / Download
скачать vpn бесплатно для ютуба на русском,4045,149,T,CTA / Download
что делает впн,77225,148,C,General
vpn что,91339,147,C,General
3уг vpn,259,146,C,General
vpn сайт,31099,142,C,General
впн для бравла старса,31596,137,C,General
hidden vpn,15731,136,C,General
какой впн бесплатный,61585,136,C,Hero / Comparison
proxy vpn скачать бесплатно,4490,132,T,CTA / Download
мегафон блокирует впн,273,132,C,General
скачать vpn 2025,4767,131,T,CTA / Download
скачать vpn премиум,3490,131,T,CTA / Download
настройка впн,32805,130,C,General
разблокировать ютуб впн расширение,131,129,C,Hero / Unblock
впн 2025,26937,127,C,General
vpn для youtube бесплатно,1227,125,C,Use Cases
vpn lite скачать,3627,124,T,CTA / Download
vpn россия скачать,4427,123,T,CTA / Download
впн против заглушек,376,123,C,General
бесплатный vpn без регистрации,39449,122,C,General
l2tp vpn купить,303,119,T,Pricing
2v vpn,156,117,C,General
где впн,28997,113,C,General
впн подключение,27806,113,C,General
4u vpn,322,113,C,General
скачать быстрый vpn,2846,113,T,CTA / Download
vpn подключение,20738,109,C,General
русский vpn,105616,108,C,General
какой vpn,69414,108,C,Hero / Comparison
vpn super proxy скачать,3275,104,T,CTA / Download
купить подписку happ vpn,152,104,T,Pricing
без впн,411921,102,C,General
скачать впн vpn,16246,101,T,CTA / Download
vpn для обхода блокировок,2793,101,C,Hero / Unblock
тик впн,68161,99,C,General
мобильный впн,30580,98,C,General
скачать бесплатно vpn на телефон андроид,7214,96,T,CTA / Download
outline vpn купить,400,92,T,Pricing
впн заблокировали в россии или нет,120,92,C,General
vpn 2025,15840,91,C,General
ip адреса youtube для vpn,173,90,C,General
работает ли впн,27679,89,I,FAQ / How-to
купить аккаунт vpn,446,89,T,Pricing
скачать бесплатно vpn на русском языке,48248,87,T,CTA / Download
vpn для youtube бесплатно скачать,378,87,T,CTA / Download
скачать и установить vpn,3225,86,T,CTA / Download
впн скачать бесплатный для андроид на русском,82903,84,T,CTA / Download
2 vpn,14248,83,C,General
vpn скачать на андроид бесплатно без регистрации,14948,82,T,CTA / Download
nord vpn купить,183,81,T,Pricing
vpn для просмотра youtube,554,79,C,General
express vpn купить,207,78,T,Pricing
список vpn,13314,77,C,General
amnesia vpn купить,152,77,T,Pricing
скачать без впн,120586,76,T,CTA / Download
скачать работающий vpn,3802,72,T,CTA / Download
happ vpn купить,376,72,T,Pricing
теле2 блокирует впн,188,71,C,General
скачать русский vpn,90050,70,T,CTA / Download
впн без вирусов,25766,70,C,General
купить ключ vpn,1148,67,T,Pricing
касперский vpn купить,101,67,T,Pricing
vpn bye dpi скачать,3278,66,T,CTA / Download
wireguard vpn купить конфиг,80,66,T,Pricing
open vpn купить,235,65,T,Pricing
pptp vpn купить,185,65,T,Pricing
vpn обход блокировок,4638,62,C,Hero / Unblock
vpn впн,32165,61,C,General
vpn официальный сайт,18701,61,C,General
какой vpn купить,482,61,T,Pricing
vpn расширение для youtube,353,61,C,Use Cases
vpn client скачать,2556,60,T,CTA / Download
open vpn купить конфиг,65,60,T,Pricing
сеть vpn,15623,58,C,General
vpn для обхода блокировки мобильного интернета бесплатно,74,58,C,Hero / Unblock
vpn дядя,15033,57,C,General
amnezia vpn купить на месяц,64,57,T,Pricing
скачать и установить vpn бесплатно,2603,56,T,CTA / Download
vpn plus скачать,2675,55,T,CTA / Download
ip youtube для vpn,244,53,C,General
домены youtube для vpn,102,53,C,General
скачать впн бесплатно без регистрации на русском,70856,52,T,CTA / Download
vpn скачать без регистрации,36110,49,T,CTA / Download
hysteria 2 vpn купить,50,49,T,Pricing
купить vps сервер для vpn европа,55,47,T,Pricing
скачать bye vpn,5939,44,T,CTA / Download
wireguard vpn купить ключ,66,44,T,Pricing
vpn com,14079,43,C,General
список адресов youtube для vpn,85,43,C,General
https vpn,15320,41,C,General
vpn для компьютера youtube,144,40,C,General
купить виртуальный сервер для vpn,50,39,T,Pricing
amnezia vpn купить подписку,49,39,T,Pricing
лучший vpn для youtube,634,38,C,Use Cases
скачать впн на андроид без регистрации,51145,37,T,CTA / Download
amnezia vpn premium купить,42,37,T,Pricing
русский впн бесплатно,201214,35,C,General
как играть без впн,29577,35,I,FAQ / How-to
купить vpn для телефона,69,35,T,Pricing
nord vpn купить подписку,40,35,T,Pricing
amnesia vpn купить сервер,45,34,T,Pricing
hiddify vpn купить,118,33,T,Pricing
купить vpn сервер зарубежный,36,33,T,Pricing
какой впн на андроид,23805,32,C,Hero / Comparison
vpn на год купить,122,32,T,Pricing
vpn для youtube скачать бесплатно на андроид,93,32,T,CTA / Download
v2raytun vpn купить,60,31,T,Pricing
vpn расширение для youtube бесплатно,52,31,C,Use Cases
скачать vpn на русском языке,48446,30,T,CTA / Download
vpn для андроид бесплатный на русском скачать,16792,30,T,CTA / Download
русский впн на андроид,153547,30,C,General
скачать русский впн на андроид,138582,30,T,CTA / Download
маршрутизатор с vpn купить,67,30,T,Pricing
amnezia vpn купить ключ,45,30,T,Pricing
скачать впн на русском языке,91778,29,T,CTA / Download
скачать vpn на телефон андроид,7308,29,T,CTA / Download
скачать vpn без вирусов,3616,29,T,CTA / Download
юбуст vpn для youtube скачать,80,28,T,CTA / Download
альтернатива vpn для обхода блокировки,39,27,C,Hero / Unblock
vpn скачать бесплатно на андроид последняя версия,2829,26,T,CTA / Download
купить vpn ggsel,110,26,T,Pricing
какой впн сейчас,33896,25,C,Hero / Comparison
ipsec vpn купить,45,25,T,Pricing
express vpn купить подписку,46,24,T,Pricing
vpn на микротик для обхода блокировки,45,24,C,Hero / Unblock
vpn без,87915,23,C,General
zoog vpn купить,45,23,T,Pricing
hiddify vpn купить подписку,36,23,T,Pricing
7 vpn,13780,22,C,General
бесплатный впн на русском языке,98173,22,C,General
купить vpn недорого,54,22,T,Pricing
скачать vpn последняя версия,6542,21,T,CTA / Download
где купить vpn,226,21,T,Pricing
купить vpn на андроид,53,21,T,Pricing
скачать vpn на андроид без регистрации,14990,20,T,CTA / Download
типы впн,26718,20,C,General
дядя ваня vpn купить,60,20,T,Pricing
paper vpn купить,45,20,T,Pricing
vpn обход блокировки интернета,834,20,C,Hero / Unblock
vpn последняя версия скачать бесплатно,3387,19,T,CTA / Download
ютуб без vpn скачать,3081,19,T,CTA / Download
купить vps для vpn,371,19,T,Pricing
купить vpn на месяц,135,19,T,Pricing
купить vpn казахстан,56,19,T,Pricing
amnezia vpn купить сервер,41,19,T,Pricing
vpn server купить,39,19,T,Pricing
смотреть впн,43109,18,C,General
vpn скачать бесплатно на телефон без регистрации,6030,18,T,CTA / Download
купить хороший vpn,229,18,T,Pricing
vpn регистрация,45972,17,C,General
vpn скачать на компьютер на русском языке,17273,17,T,CTA / Download
itop vpn купить,75,17,T,Pricing
амнезия vpn купить,51,17,T,Pricing
где купить сервер для vpn,38,17,T,Pricing
vless vpn купить ключ,33,17,T,Pricing
лучший бесплатный vpn для youtube,182,17,C,Use Cases
скачать vpn для просмотра youtube,70,17,T,CTA / Download
vpn доступ,14686,16,C,General
скачать vpn bucks,6395,16,T,CTA / Download
купить vpn proxy,113,16,T,Pricing
модем с vpn купить,34,16,T,Pricing
vpn для youtube android,259,16,C,Use Cases
vpn для youtube 2025,53,16,C,Use Cases
через впн,95132,15,C,General
скачать vpn бесплатно без вирусов,3353,15,T,CTA / Download
купить платный vpn,97,15,T,Pricing
bebra vpn купить,59,15,T,Pricing
купить vpn сша,55,15,T,Pricing
частный vpn сервер купить,31,15,T,Pricing
vpn для обхода блокировки роблокса,89,15,C,Hero / Unblock
официальный vpn,19878,14,C,General
впн на андроид без регистрации,56524,14,C,General
как смотреть без впн,24226,14,I,FAQ / How-to
vpn какой лучше купить,112,14,T,Pricing
купить vpn для windows,49,14,T,Pricing
v2ray vpn купить,39,14,T,Pricing
vpn для яндекс браузера youtube,124,14,C,General
можно ли впн,45478,13,I,General
vpn сервис купить,63,13,T,Pricing
бесплатный vpn для просмотра youtube,117,13,C,General
почему впн,192662,12,I,FAQ / How-to
ток впн,68185,12,C,General
скачать сайт vpn,4896,12,T,CTA / Download
купить vpn для ютуба,40,12,T,Pricing
hide my name vpn купить,39,12,T,Pricing
vpn для андроид youtube,302,12,C,General
vpn для youtube chrome,139,12,C,Use Cases
самый лучший vpn для youtube,133,12,C,Use Cases
vpn для youtube скачать на андроид,120,12,T,CTA / Download
рабочий vpn для youtube,74,12,C,Use Cases
скачать vpn для пк для youtube,47,12,T,CTA / Download
link vpn,13409,11,C,General
купить дешевый vpn,126,11,T,Pricing
vpn openvpn купить,45,11,T,Pricing
юбуст vpn для youtube обход блокировки,555,11,C,Use Cases
fastproxy vpn online обход блокировок сайтов,159,11,C,Hero / Unblock
vpn бесплатный на русском языке без регистрации,29792,10,C,General
vpn андроид скачать бесплатно на русском языке,27142,10,T,CTA / Download
впн на русском языке,99041,10,C,General
впн скачать андроид бесплатно на русском языке,60432,10,T,CTA / Download
скачать vpn бесплатный на телефон андроид русском,6810,10,T,CTA / Download
купить vpn v2,38,10,T,Pricing
какой vpn купить в россии,34,10,T,Pricing
vpn для youtube 2026,205,10,C,Use Cases
какой самый лучший vpn для youtube,50,10,C,Use Cases
скачать впн бесплатно без,92257,9,T,CTA / Download
впн установленный,91559,9,C,General
впн бесплатно без вирусов,23856,9,C,General
wifi с vpn купить,102,9,T,Pricing
vpn купить plati,60,9,T,Pricing
vpn router купить,53,9,T,Pricing
hit vpn купить,43,9,T,Pricing
express vpn купить в россии,30,9,T,Pricing
обход блокировок без vpn,828,9,C,Hero / Unblock
vpn обход блокировки ютуб,698,9,C,Hero / Unblock
настройка vpn для youtube,431,9,C,Use Cases
врубель vpn для youtube,105,9,C,Use Cases
лучший vpn для просмотра youtube,64,9,C,Hero / Comparison
русский vpn для андроид,22114,8,C,General
tip vpn,18066,8,C,General
регистрация впн,93488,8,C,General
бесплатный впн на андроид на русском языке,65335,8,C,General
7 vpn скачать,3562,8,T,CTA / Download
vpn name скачать,2870,8,T,CTA / Download
устройство vpn купить,128,8,T,Pricing
купить vpn доступ,90,8,T,Pricing
купить vpn для россии,64,8,T,Pricing
vpn белые списки купить,34,8,T,Pricing
vpn для обхода блокировки мобильного,524,8,C,Hero / Unblock
vpn для андроид обход блокировок,46,8,C,Hero / Unblock
быстрый vpn для youtube,47,8,C,Use Cases
бесплатный vpn на русском языке,52475,7,C,General
впн старс,65756,7,C,General
скачать vpn тв,2557,7,T,CTA / Download
vpn купить телеграм,77,7,T,Pricing
vpn клиент купить,57,7,T,Pricing
octohide vpn купить,48,7,T,Pricing
купить vpn тг,37,7,T,Pricing
какой vpn для youtube,350,7,C,Use Cases
бесплатный vpn для youtube на андроид,130,7,C,Use Cases
vpn для пк youtube,125,7,C,General
vpn для работы youtube,120,7,C,General
vpn на русском языке,53099,6,C,General
купить со встроенным vpn,105,6,T,Pricing
купить vpn youtube,77,6,T,Pricing
купить vpn telegram,39,6,T,Pricing
купить прокси vpn,30,6,T,Pricing
маршруты vpn для youtube,79,6,C,Use Cases
vpn скачать русском языке бесплатно без регистрации,28770,5,T,CTA / Download
впн можно,78682,5,C,General
скачать последний vpn бесплатно,3661,5,T,CTA / Download
купить конфиг vpn,190,5,T,Pricing
vpn скачать купить,53,5,T,CTA / Download
vpn для youtube обход блокировки,645,5,C,Use Cases
vpn для youtube в россии,205,5,C,Use Cases
купить vpn для youtube,46,5,T,Pricing
